"payment_id","customer_id","staff_id","rental_id","amount","payment_date"
20000,317,1,15280,"4.99","2020-03-22 18:38:18.996577+01"
20001,318,1,14276,"2.99","2020-03-21 06:02:31.996577+01"
20007,319,2,12424,"8.99","2020-03-18 09:45:23.996577+01"
20004,319,1,11955,"6.99","2020-03-17 16:50:01.996577+01"
20010,319,2,15396,"5.99","2020-03-22 22:36:23.996577+01"
20009,319,2,14828,"4.99","2020-03-22 01:02:31.996577+01"
20006,319,1,12018,"4.99","2020-03-17 19:13:12.996577+01"
20008,319,1,13548,"3.99","2020-03-20 03:21:46.996577+01"
20005,319,2,11994,"2.99","2020-03-17 17:58:01.996577+01"
20002,319,1,11575,"0.99","2020-03-17 01:18:52.996577+01"
20003,319,2,11598,"0.99","2020-03-17 02:31:33.996577+01"
20012,320,2,11560,"2.99","2020-03-17 00:48:56.996577+01"
20014,320,1,15302,"2.99","2020-03-22 19:13:19.996577+01"
20011,320,1,11208,"0.99","2020-03-02 11:31:03.996577+01"
20013,320,2,14171,"0.99","2020-03-21 02:29:08.996577+01"
20017,321,2,12034,"7.99","2020-03-17 19:43:57.996577+01"
20020,321,1,15673,"6.99","2020-03-23 08:41:16.996577+01"
20016,321,1,12033,"6.99","2020-03-17 19:43:00.996577+01"
20019,321,2,13623,"6.99","2020-03-20 06:18:12.996577+01"
20021,321,2,15888,"5.99","2020-03-23 16:24:40.996577+01"
20018,321,1,12398,"4.99","2020-03-18 08:41:50.996577+01"
20015,321,1,11722,"2.99","2020-03-17 07:21:29.996577+01"
20025,322,1,13650,"9.99","2020-03-20 07:17:32.996577+01"
20028,322,2,15703,"8.99","2020-03-23 09:52:14.996577+01"
20026,322,2,14042,"4.99","2020-03-20 21:14:17.996577+01"
20022,322,2,11120,"4.99","2020-03-02 08:15:30.996577+01"
20024,322,2,13180,"4.99","2020-03-19 13:29:04.996577+01"
20027,322,1,15450,"0.99","2020-03-23 00:24:27.996577+01"
20023,322,2,11456,"0.99","2020-03-02 20:42:30.996577+01"
20034,323,1,13140,"5.99","2020-03-19 12:04:22.996577+01"
20032,323,1,12120,"4.99","2020-03-17 22:45:12.996577+01"
20037,323,1,15387,"4.99","2020-03-22 22:17:39.996577+01"
20030,323,1,10994,"3.99","2020-03-02 04:15:19.996577+01"
20036,323,1,14957,"3.99","2020-03-22 05:58:00.996577+01"
20035,323,1,14224,"2.99","2020-03-21 04:21:34.996577+01"
20033,323,1,12169,"2.99","2020-03-18 00:34:20.996577+01"
20029,323,1,10298,"0.99","2020-03-01 03:34:29.996577+01"
20031,323,2,11548,"0.99","2020-03-17 00:28:13.996577+01"
20038,323,1,15728,"0.99","2020-03-23 10:58:58.996577+01"
20044,324,1,14262,"8.99","2020-03-21 05:36:39.996577+01"
20045,324,2,14479,"7.99","2020-03-21 13:04:20.996577+01"
20040,324,1,11771,"6.99","2020-03-17 09:45:35.996577+01"
20046,324,1,15263,"4.99","2020-03-22 17:55:59.996577+01"
20043,324,1,13386,"2.99","2020-03-19 21:12:24.996577+01"
20041,324,2,12543,"2.99","2020-03-18 13:52:21.996577+01"
20039,324,1,11617,"2.99","2020-03-17 03:29:06.996577+01"
20042,324,2,13356,"0.99","2020-03-19 20:30:47.996577+01"
20053,325,1,14672,"5.99","2020-03-21 19:27:59.996577+01"
20047,325,2,10326,"4.99","2020-03-01 04:24:00.996577+01"
20049,325,2,12097,"4.99","2020-03-17 22:03:50.996577+01"
20051,325,2,13054,"4.99","2020-03-19 09:02:28.996577+01"
20050,325,1,12779,"3.99","2020-03-18 23:12:26.996577+01"
20052,325,2,14452,"3.99","2020-03-21 11:51:46.996577+01"
20048,325,1,10412,"0.99","2020-03-01 07:25:42.996577+01"
20054,325,2,15009,"0.99","2020-03-22 07:55:53.996577+01"
20059,326,2,11485,"4.99","2020-03-02 22:01:51.996577+01"
20056,326,2,10976,"4.99","2020-03-02 03:40:14.996577+01"
20060,326,2,12829,"2.99","2020-03-19 01:06:44.996577+01"
20058,326,2,11428,"2.99","2020-03-02 19:31:36.996577+01"
20055,326,2,10720,"0.99","2020-03-01 18:32:59.996577+01"
20057,326,2,11010,"0.99","2020-03-02 04:34:53.996577+01"
20072,327,1,15916,"9.99","2020-03-23 17:24:27.996577+01"
20073,327,2,15969,"7.99","2020-03-23 19:19:56.996577+01"
20063,327,2,11929,"6.99","2020-03-17 15:57:17.996577+01"
20071,327,1,15828,"5.99","2020-03-23 14:44:58.996577+01"
20062,327,1,11372,"4.99","2020-03-02 17:39:16.996577+01"
20066,327,1,13360,"4.99","2020-03-19 20:33:37.996577+01"
20068,327,1,14847,"4.99","2020-03-22 01:42:17.996577+01"
20069,327,2,15365,"3.99","2020-03-22 21:10:43.996577+01"
20065,327,2,13158,"2.99","2020-03-19 12:46:36.996577+01"
20070,327,1,15386,"2.99","2020-03-22 22:09:40.996577+01"
20067,327,1,13448,"0.99","2020-03-19 23:41:09.996577+01"
20064,327,1,12016,"0.99","2020-03-17 19:01:50.996577+01"
20061,327,1,10371,"0.99","2020-03-01 05:48:55.996577+01"
20078,328,2,13681,"7.99","2020-03-20 08:16:03.996577+01"
20083,328,1,15179,"4.99","2020-03-22 15:04:48.996577+01"
20075,328,1,12175,"4.99","2020-03-18 00:38:43.996577+01"
20080,328,2,14307,"3.99","2020-03-21 07:03:18.996577+01"
20081,328,1,14755,"3.99","2020-03-21 22:46:34.996577+01"
20079,328,1,13907,"3.99","2020-03-20 15:45:53.996577+01"
20074,328,1,11174,"2.99","2020-03-02 10:00:37.996577+01"
20077,328,1,13609,"2.99","2020-03-20 05:40:17.996577+01"
20082,328,2,14939,"2.99","2020-03-22 05:22:18.996577+01"
20076,328,2,12825,"0.99","2020-03-19 00:52:24.996577+01"
20084,328,1,15863,"0.99","2020-03-23 15:45:35.996577+01"
20091,329,1,13627,"8.99","2020-03-20 06:27:26.996577+01"
20085,329,1,10473,"7.99","2020-03-01 09:24:50.996577+01"
20090,329,1,12659,"6.99","2020-03-18 18:34:15.996577+01"
20092,329,1,14900,"4.99","2020-03-22 03:56:14.996577+01"
20093,329,2,15011,"4.99","2020-03-22 07:59:33.996577+01"
20088,329,2,11169,"3.99","2020-03-02 09:48:08.996577+01"
20087,329,1,11130,"2.99","2020-03-02 08:37:25.996577+01"
20094,329,1,15308,"2.99","2020-03-22 19:22:57.996577+01"
20089,329,2,11697,"0.99","2020-03-17 06:37:45.996577+01"
20086,329,2,10490,"0.99","2020-03-01 10:05:37.996577+01"
20098,330,1,12740,"4.99","2020-03-18 21:45:30.996577+01"
20095,330,2,11259,"3.99","2020-03-02 13:14:56.996577+01"
20096,330,1,12062,"2.99","2020-03-17 20:53:13.996577+01"
20097,330,1,12394,"2.99","2020-03-18 08:33:41.996577+01"
20099,330,1,12867,"0.99","2020-03-19 02:08:37.996577+01"
20104,331,1,14256,"7.99","2020-03-21 05:20:53.996577+01"
20100,331,1,11052,"5.99","2020-03-02 05:54:45.996577+01"
20102,331,2,12533,"4.99","2020-03-18 13:30:06.996577+01"
20107,331,2,15447,"3.99","2020-03-23 00:22:23.996577+01"
20101,331,1,11362,"2.99","2020-03-02 17:15:51.996577+01"
20106,331,1,15339,"2.99","2020-03-22 20:20:38.996577+01"
20108,331,1,15521,"2.99","2020-03-23 02:59:17.996577+01"
20105,331,1,14628,"1.99","2020-03-21 18:05:50.996577+01"
20103,331,1,13795,"0.99","2020-03-20 12:00:35.996577+01"
20111,332,1,11229,"5.99","2020-03-02 12:25:03.996577+01"
20115,332,2,14783,"4.99","2020-03-21 23:50:23.996577+01"
20113,332,2,12318,"4.99","2020-03-18 05:50:22.996577+01"
20117,332,1,15210,"3.99","2020-03-22 16:06:02.996577+01"
20112,332,2,11564,"2.99","2020-03-17 00:56:15.996577+01"
20114,332,2,13673,"2.99","2020-03-20 07:55:56.996577+01"
20110,332,2,10439,"0.99","2020-03-01 08:22:52.996577+01"
20109,332,1,10307,"0.99","2020-03-01 03:50:20.996577+01"
20116,332,2,15194,"0.99","2020-03-22 15:36:00.996577+01"
20119,333,1,12427,"6.99","2020-03-18 09:52:43.996577+01"
20118,333,2,10844,"4.99","2020-03-01 23:15:24.996577+01"
20126,333,1,15313,"4.99","2020-03-22 19:28:08.996577+01"
20122,333,2,13710,"4.99","2020-03-20 09:03:46.996577+01"
20123,333,1,14057,"4.99","2020-03-20 21:51:25.996577+01"
20121,333,1,13579,"3.99","2020-03-20 04:50:32.996577+01"
20125,333,2,15253,"2.99","2020-03-22 17:33:47.996577+01"
20124,333,1,14740,"2.99","2020-03-21 22:03:59.996577+01"
20120,333,2,12661,"0.99","2020-03-18 18:38:36.996577+01"
20130,334,2,10997,"7.99","2020-03-02 04:17:28.996577+01"
20135,334,1,14984,"7.99","2020-03-22 07:03:57.996577+01"
20127,334,1,10408,"4.99","2020-03-01 07:10:36.996577+01"
20131,334,2,12677,"4.99","2020-03-18 19:04:31.996577+01"
20132,334,2,13325,"4.99","2020-03-19 19:20:28.996577+01"
20137,334,2,15656,"4.99","2020-03-23 08:07:24.996577+01"
20138,334,1,15669,"3.99","2020-03-23 08:34:43.996577+01"
20133,334,1,13876,"2.99","2020-03-20 14:43:54.996577+01"
20128,334,1,10492,"2.99","2020-03-01 10:10:54.996577+01"
20129,334,1,10879,"1.99","2020-03-02 00:01:46.996577+01"
20134,334,1,14645,"0.99","2020-03-21 18:41:13.996577+01"
20136,334,2,15548,"0.99","2020-03-23 03:54:46.996577+01"
20143,335,2,15005,"4.99","2020-03-22 07:44:10.996577+01"
20139,335,2,10606,"4.99","2020-03-01 14:07:41.996577+01"
20142,335,1,14014,"2.99","2020-03-20 20:15:35.996577+01"
20141,335,1,13622,"1.99","2020-03-20 06:13:58.996577+01"
20140,335,2,13267,"0.99","2020-03-19 17:00:02.996577+01"
20144,335,2,15101,"0.99","2020-03-22 11:24:28.996577+01"
20152,336,1,15073,"10.99","2020-03-22 10:29:41.996577+01"
20146,336,1,12323,"8.99","2020-03-18 06:04:48.996577+01"
20150,336,2,13689,"4.99","2020-03-20 08:32:56.996577+01"
20148,336,2,12926,"3.99","2020-03-19 04:28:42.996577+01"
20145,336,2,11743,"2.99","2020-03-17 08:17:31.996577+01"
20151,336,1,14295,"2.99","2020-03-21 06:37:53.996577+01"
20153,336,2,15848,"2.99","2020-03-23 15:09:38.996577+01"
20149,336,2,13066,"0.99","2020-03-19 09:19:05.996577+01"
20147,336,2,12794,"0.99","2020-03-18 23:49:03.996577+01"
20158,337,1,12369,"6.99","2020-03-18 07:26:09.996577+01"
20159,337,2,13305,"6.99","2020-03-19 18:25:31.996577+01"
20162,337,2,14118,"5.99","2020-03-21 00:42:03.996577+01"
20164,337,1,15292,"4.99","2020-03-22 18:57:22.996577+01"
20163,337,2,15241,"4.99","2020-03-22 17:16:06.996577+01"
20160,337,1,13678,"4.99","2020-03-20 08:06:50.996577+01"
20157,337,1,11734,"3.99","2020-03-17 08:02:48.996577+01"
20161,337,2,13892,"3.99","2020-03-20 15:18:43.996577+01"
20156,337,2,11252,"2.99","2020-03-02 13:10:39.996577+01"
20155,337,2,10765,"0.99","2020-03-01 20:03:17.996577+01"
20154,337,1,10664,"0.99","2020-03-01 16:19:41.996577+01"
20174,338,2,15173,"6.99","2020-03-22 14:54:55.996577+01"
20169,338,2,11719,"5.99","2020-03-17 07:14:31.996577+01"
20167,338,2,11064,"4.99","2020-03-02 06:23:43.996577+01"
20168,338,2,11671,"4.99","2020-03-17 05:18:47.996577+01"
20171,338,1,13284,"3.99","2020-03-19 17:40:57.996577+01"
20170,338,1,12167,"2.99","2020-03-18 00:28:28.996577+01"
20165,338,2,10791,"2.99","2020-03-01 21:10:18.996577+01"
20172,338,1,14619,"2.99","2020-03-21 17:38:29.996577+01"
20173,338,2,15105,"0.99","2020-03-22 11:29:59.996577+01"
20166,338,1,10897,"0.99","2020-03-02 00:52:08.996577+01"
20182,339,1,13575,"5.99","2020-03-20 04:43:46.996577+01"
20179,339,2,11699,"5.99","2020-03-17 06:40:24.996577+01"
20184,339,1,14636,"4.99","2020-03-21 18:27:43.996577+01"
20176,339,2,11171,"4.99","2020-03-02 09:52:07.996577+01"
20175,339,2,10338,"3.99","2020-03-01 04:31:29.996577+01"
20178,339,2,11582,"3.99","2020-03-17 01:32:15.996577+01"
20185,339,2,14758,"3.99","2020-03-21 22:53:18.996577+01"
20181,339,1,13199,"3.99","2020-03-19 14:21:48.996577+01"
20177,339,1,11550,"2.99","2020-03-17 00:30:32.996577+01"
20183,339,1,13985,"0.99","2020-03-20 18:41:32.996577+01"
20180,339,1,12631,"0.99","2020-03-18 17:21:17.996577+01"
20199,340,1,15378,"9.99","2020-03-22 21:53:43.996577+01"
20187,340,1,10667,"8.99","2020-03-01 16:26:48.996577+01"
20191,340,2,12598,"4.99","2020-03-18 16:02:29.996577+01"
20195,340,1,14457,"4.99","2020-03-21 12:16:04.996577+01"
20188,340,2,10674,"3.99","2020-03-01 16:40:18.996577+01"
20197,340,1,14895,"2.99","2020-03-22 03:47:49.996577+01"
20198,340,2,15306,"2.99","2020-03-22 19:15:02.996577+01"
20186,340,1,10292,"2.99","2020-03-01 03:11:06.996577+01"
20194,340,1,13425,"2.99","2020-03-19 22:40:10.996577+01"
20193,340,2,12940,"2.99","2020-03-19 05:06:55.996577+01"
20192,340,2,12908,"1.99","2020-03-19 03:47:31.996577+01"
20190,340,1,10995,"0.99","2020-03-02 04:16:26.996577+01"
20189,340,1,10809,"0.99","2020-03-01 22:07:53.996577+01"
20196,340,2,14718,"0.99","2020-03-21 21:07:51.996577+01"
20204,341,2,13074,"8.99","2020-03-19 09:35:19.996577+01"
20201,341,1,11305,"6.99","2020-03-02 15:13:21.996577+01"
20208,341,2,15938,"6.99","2020-03-23 18:11:57.996577+01"
20206,341,2,14344,"4.99","2020-03-21 08:09:22.996577+01"
20205,341,2,13806,"4.99","2020-03-20 12:22:12.996577+01"
20202,341,1,11723,"2.99","2020-03-17 07:24:48.996577+01"
20207,341,2,15030,"0.99","2020-03-22 08:38:47.996577+01"
20200,341,2,10605,"0.99","2020-03-01 14:04:52.996577+01"
20203,341,2,13059,"0.99","2020-03-19 09:10:27.996577+01"
20223,342,2,14683,"8.99","2020-03-21 19:56:10.996577+01"
20213,342,1,12139,"6.99","2020-03-17 23:25:39.996577+01"
20220,342,2,13827,"4.99","2020-03-20 13:15:45.996577+01"
20209,342,1,10242,"4.99","2020-03-01 01:46:38.996577+01"
20214,342,1,12404,"4.99","2020-03-18 09:05:00.996577+01"
20216,342,2,12816,"4.99","2020-03-19 00:32:31.996577+01"
20217,342,2,13368,"4.99","2020-03-19 20:48:01.996577+01"
20218,342,2,13637,"4.99","2020-03-20 06:49:41.996577+01"
20224,342,1,15484,"4.99","2020-03-23 01:33:15.996577+01"
20225,342,1,15895,"3.99","2020-03-23 16:37:57.996577+01"
20210,342,2,11178,"2.99","2020-03-02 10:16:36.996577+01"
20215,342,1,12522,"2.99","2020-03-18 13:14:06.996577+01"
20221,342,2,14096,"2.99","2020-03-20 23:56:12.996577+01"
20219,342,1,13755,"2.99","2020-03-20 10:47:19.996577+01"
20222,342,2,14299,"0.99","2020-03-21 06:47:23.996577+01"
20211,342,2,11446,"0.99","2020-03-02 20:02:03.996577+01"
20212,342,1,11568,"0.99","2020-03-17 00:58:27.996577+01"
20232,343,2,15973,"5.99","2020-03-23 19:33:07.996577+01"
20229,343,2,13279,"4.99","2020-03-19 17:30:44.996577+01"
20230,343,2,13522,"3.99","2020-03-20 02:12:32.996577+01"
20228,343,2,11570,"2.99","2020-03-17 01:02:58.996577+01"
20227,343,1,11212,"0.99","2020-03-02 11:46:55.996577+01"
20231,343,2,13866,"0.99","2020-03-20 14:33:55.996577+01"
20226,343,1,10822,"0.99","2020-03-01 22:22:54.996577+01"
20233,344,2,11116,"5.99","2020-03-02 08:03:06.996577+01"
20234,344,2,12183,"5.99","2020-03-18 01:02:39.996577+01"
20235,344,2,13014,"4.99","2020-03-19 07:24:34.996577+01"
20236,344,1,13033,"3.99","2020-03-19 08:03:05.996577+01"
20239,344,1,15215,"2.99","2020-03-22 16:23:52.996577+01"
20237,344,1,14621,"0.99","2020-03-21 17:46:25.996577+01"
20238,344,2,14624,"0.99","2020-03-21 18:01:08.996577+01"
20244,345,1,14702,"10.99","2020-03-21 20:28:29.996577+01"
20243,345,2,12805,"4.99","2020-03-19 00:05:00.996577+01"
20245,345,1,15551,"4.99","2020-03-23 03:56:51.996577+01"
20240,345,2,10982,"4.99","2020-03-02 03:47:37.996577+01"
20242,345,1,12485,"4.99","2020-03-18 12:10:07.996577+01"
20241,345,1,11865,"2.99","2020-03-17 13:32:12.996577+01"
20255,346,1,15661,"8.99","2020-03-23 08:20:29.996577+01"
20252,346,1,14890,"5.99","2020-03-22 03:39:15.996577+01"
20246,346,1,10304,"5.99","2020-03-01 03:42:38.996577+01"
20256,346,2,15825,"5.99","2020-03-23 14:39:08.996577+01"
20250,346,1,11375,"4.99","2020-03-02 17:43:22.996577+01"
20249,346,2,11062,"4.99","2020-03-02 06:21:20.996577+01"
20247,346,2,10389,"3.99","2020-03-01 06:15:09.996577+01"
20251,346,2,11470,"2.99","2020-03-02 21:16:54.996577+01"
20253,346,2,15459,"2.99","2020-03-23 00:38:14.996577+01"
20248,346,2,10521,"0.99","2020-03-01 11:14:43.996577+01"
20254,346,1,15535,"0.99","2020-03-23 03:26:28.996577+01"
20257,346,1,15827,"0.99","2020-03-23 14:43:45.996577+01"
20260,347,2,12399,"10.99","2020-03-18 08:42:08.996577+01"
20258,347,2,11738,"8.99","2020-03-17 08:14:21.996577+01"
20261,347,2,13314,"5.99","2020-03-19 18:41:09.996577+01"
20262,347,2,14894,"4.99","2020-03-22 03:45:22.996577+01"
20265,347,2,15555,"4.99","2020-03-23 04:20:18.996577+01"
20263,347,2,14958,"2.99","2020-03-22 05:58:36.996577+01"
20264,347,2,15426,"2.99","2020-03-22 23:35:45.996577+01"
20259,347,1,12195,"2.99","2020-03-18 01:36:15.996577+01"
20269,348,1,11429,"7.99","2020-03-02 19:32:18.996577+01"
20278,348,2,14937,"7.99","2020-03-22 05:20:25.996577+01"
20274,348,2,13602,"5.99","2020-03-20 05:30:28.996577+01"
20271,348,2,12884,"5.99","2020-03-19 03:02:30.996577+01"
20280,348,1,15944,"4.99","2020-03-23 18:19:20.996577+01"
20272,348,2,12937,"4.99","2020-03-19 04:53:56.996577+01"
20277,348,2,14079,"3.99","2020-03-20 22:57:51.996577+01"
20267,348,2,10972,"2.99","2020-03-02 03:36:51.996577+01"
20266,348,1,10769,"2.99","2020-03-01 20:11:28.996577+01"
20268,348,1,11262,"2.99","2020-03-02 13:27:21.996577+01"
20270,348,2,12564,"2.99","2020-03-18 14:40:01.996577+01"
20273,348,2,13238,"2.99","2020-03-19 15:49:22.996577+01"
20276,348,1,13962,"1.99","2020-03-20 17:46:32.996577+01"
20279,348,2,15817,"0.99","2020-03-23 14:28:17.996577+01"
20275,348,2,13684,"0.99","2020-03-20 08:24:19.996577+01"
20283,349,2,11492,"8.99","2020-03-02 22:15:13.996577+01"
20290,349,1,15833,"6.99","2020-03-23 14:50:41.996577+01"
20287,349,2,14200,"6.99","2020-03-21 03:19:53.996577+01"
20288,349,2,14721,"6.99","2020-03-21 21:19:17.996577+01"
20291,349,1,15955,"5.99","2020-03-23 18:47:32.996577+01"
20285,349,1,13258,"4.99","2020-03-19 16:34:03.996577+01"
20286,349,2,13636,"4.99","2020-03-20 06:48:35.996577+01"
20289,349,2,14908,"4.99","2020-03-22 04:12:36.996577+01"
20282,349,2,11192,"4.99","2020-03-02 10:58:07.996577+01"
20281,349,1,10987,"4.99","2020-03-02 04:05:18.996577+01"
20284,349,1,11905,"3.99","2020-03-17 15:08:44.996577+01"
20294,350,2,11692,"6.99","2020-03-17 06:21:07.996577+01"
20293,350,2,11595,"6.99","2020-03-17 02:21:40.996577+01"
20296,350,2,12252,"6.99","2020-03-18 03:28:17.996577+01"
20297,350,2,12445,"2.99","2020-03-18 10:24:46.996577+01"
20299,350,2,15789,"1.99","2020-03-23 13:25:06.996577+01"
20292,350,2,11504,"0.99","2020-03-16 22:45:12.996577+01"
20295,350,1,11800,"0.99","2020-03-17 10:58:18.996577+01"
20298,350,2,13086,"0.99","2020-03-19 10:00:54.996577+01"
20300,350,1,15807,"0.99","2020-03-23 14:03:36.996577+01"
20303,351,1,14368,"6.99","2020-03-21 09:00:13.996577+01"
20304,351,2,15142,"4.99","2020-03-22 13:12:58.996577+01"
20305,351,1,15664,"4.99","2020-03-23 08:25:37.996577+01"
20307,351,1,15762,"2.99","2020-03-23 12:30:09.996577+01"
20301,351,2,10501,"2.99","2020-03-01 10:33:12.996577+01"
20306,351,2,15712,"2.99","2020-03-23 10:12:22.996577+01"
20302,351,2,11127,"0.99","2020-03-02 08:29:25.996577+01"
20309,352,1,11823,"6.99","2020-03-17 12:05:03.996577+01"
20308,352,1,11793,"5.99","2020-03-17 10:34:19.996577+01"
20311,352,2,12234,"5.99","2020-03-18 02:45:59.996577+01"
20313,352,1,14130,"4.99","2020-03-21 01:11:37.996577+01"
20312,352,1,12751,"2.99","2020-03-18 22:01:48.996577+01"
20310,352,2,11986,"0.99","2020-03-17 17:50:24.996577+01"
20314,352,2,14852,"0.99","2020-03-22 01:54:19.996577+01"
20318,353,1,12928,"5.99","2020-03-19 04:32:35.996577+01"
20316,353,2,11414,"4.99","2020-03-02 19:11:33.996577+01"
20317,353,2,11698,"4.99","2020-03-17 06:38:25.996577+01"
20320,353,1,14396,"4.99","2020-03-21 09:53:20.996577+01"
20323,353,2,15676,"2.99","2020-03-23 08:51:34.996577+01"
20321,353,1,15564,"1.99","2020-03-23 04:39:08.996577+01"
20315,353,1,11186,"0.99","2020-03-02 10:40:34.996577+01"
20322,353,2,15650,"0.99","2020-03-23 07:58:19.996577+01"
20319,353,2,13604,"0.99","2020-03-20 05:31:59.996577+01"
20324,354,1,10420,"6.99","2020-03-01 07:42:19.996577+01"
20325,354,2,12243,"6.99","2020-03-18 03:07:20.996577+01"
20330,354,1,14840,"5.99","2020-03-22 01:27:08.996577+01"
20327,354,1,12998,"4.99","2020-03-19 07:00:42.996577+01"
20326,354,1,12544,"3.99","2020-03-18 13:54:17.996577+01"
20328,354,2,14212,"2.99","2020-03-21 03:57:52.996577+01"
20329,354,2,14245,"0.99","2020-03-21 04:59:20.996577+01"
20331,354,2,15956,"0.99","2020-03-23 18:47:47.996577+01"
20335,355,1,15367,"3.99","2020-03-22 21:16:19.996577+01"
20336,355,2,15531,"2.99","2020-03-23 03:21:02.996577+01"
20334,355,2,13821,"1.99","2020-03-20 13:02:13.996577+01"
20333,355,2,11471,"0.99","2020-03-02 21:17:29.996577+01"
20332,355,1,10498,"0.99","2020-03-01 10:25:14.996577+01"
20346,356,2,13703,"6.99","2020-03-20 08:58:01.996577+01"
20345,356,2,13442,"5.99","2020-03-19 23:19:11.996577+01"
20348,356,2,15754,"5.99","2020-03-23 12:12:08.996577+01"
20338,356,1,10854,"4.99","2020-03-01 23:30:32.996577+01"
20341,356,2,12037,"4.99","2020-03-17 19:50:01.996577+01"
20347,356,1,15705,"4.99","2020-03-23 10:01:18.996577+01"
20344,356,2,13107,"4.99","2020-03-19 10:42:24.996577+01"
20337,356,1,10427,"3.99","2020-03-01 07:58:37.996577+01"
20339,356,1,11535,"3.99","2020-03-17 00:08:20.996577+01"
20342,356,2,12876,"2.99","2020-03-19 02:40:45.996577+01"
20340,356,2,11579,"2.99","2020-03-17 01:26:15.996577+01"
20349,356,1,15757,"2.99","2020-03-23 12:15:42.996577+01"
20343,356,1,12913,"0.99","2020-03-19 03:54:05.996577+01"
20352,357,1,10503,"6.99","2020-03-01 10:36:10.996577+01"
20350,357,2,10391,"2.99","2020-03-01 06:17:31.996577+01"
20351,357,1,10502,"2.99","2020-03-01 10:35:05.996577+01"
20354,357,2,11065,"2.99","2020-03-02 06:26:21.996577+01"
20356,357,2,15869,"2.99","2020-03-23 15:50:46.996577+01"
20355,357,1,14926,"0.99","2020-03-22 04:47:10.996577+01"
20353,357,2,10764,"0.99","2020-03-01 20:01:08.996577+01"
20362,358,1,14004,"7.99","2020-03-20 19:45:01.996577+01"
20360,358,1,12452,"6.99","2020-03-18 10:43:01.996577+01"
20358,358,2,11149,"5.99","2020-03-02 09:20:09.996577+01"
20359,358,2,11653,"4.99","2020-03-17 04:34:36.996577+01"
20357,358,1,10482,"4.99","2020-03-01 09:46:13.996577+01"
20361,358,1,13197,"2.99","2020-03-19 14:12:29.996577+01"
20367,359,2,14598,"5.99","2020-03-21 17:08:31.996577+01"
20363,359,1,11032,"4.99","2020-03-02 05:22:01.996577+01"
20369,359,1,15148,"4.99","2020-03-22 13:27:45.996577+01"
20368,359,1,15104,"2.99","2020-03-22 11:29:42.996577+01"
20365,359,2,13297,"2.99","2020-03-19 18:14:15.996577+01"
20366,359,1,14258,"1.99","2020-03-21 05:25:02.996577+01"
20364,359,1,12611,"1.99","2020-03-18 16:38:08.996577+01"
20370,359,1,15453,"1.99","2020-03-23 00:29:27.996577+01"
20379,360,2,13894,"7.99","2020-03-20 15:23:46.996577+01"
20372,360,2,11264,"6.99","2020-03-02 13:33:44.996577+01"
20377,360,1,12839,"6.99","2020-03-19 01:22:09.996577+01"
20374,360,2,12088,"5.99","2020-03-17 21:48:42.996577+01"
20375,360,1,12773,"5.99","2020-03-18 23:00:45.996577+01"
20380,360,1,14700,"4.99","2020-03-21 20:22:06.996577+01"
20373,360,2,11553,"4.99","2020-03-17 00:32:57.996577+01"
20378,360,1,12990,"4.99","2020-03-19 06:49:05.996577+01"
20381,360,1,15310,"2.99","2020-03-22 19:25:07.996577+01"
20371,360,2,10857,"2.99","2020-03-01 23:35:46.996577+01"
20376,360,2,12795,"0.99","2020-03-18 23:50:18.996577+01"
20393,361,1,15759,"6.99","2020-03-23 12:16:03.996577+01"
20388,361,2,12626,"5.99","2020-03-18 17:05:11.996577+01"
20384,361,2,11031,"5.99","2020-03-02 05:21:24.996577+01"
20385,361,2,11243,"5.99","2020-03-02 13:01:14.996577+01"
20387,361,1,11991,"3.99","2020-03-17 17:55:34.996577+01"
20394,361,2,15935,"2.99","2020-03-23 18:09:37.996577+01"
20386,361,1,11327,"2.99","2020-03-02 16:09:13.996577+01"
20389,361,2,12690,"2.99","2020-03-18 19:35:23.996577+01"
20390,361,1,13135,"0.99","2020-03-19 11:51:18.996577+01"
20391,361,2,14031,"0.99","2020-03-20 20:52:50.996577+01"
20392,361,1,14422,"0.99","2020-03-21 10:50:12.996577+01"
20383,361,2,10975,"0.99","2020-03-02 03:39:51.996577+01"
20382,361,1,10414,"0.99","2020-03-01 07:32:21.996577+01"
20403,362,1,14759,"11.99","2020-03-21 22:57:24.996577+01"
20398,362,1,13603,"6.99","2020-03-20 05:31:14.996577+01"
20397,362,1,12854,"6.99","2020-03-19 01:47:17.996577+01"
20399,362,2,14051,"6.99","2020-03-20 21:38:17.996577+01"
20402,362,1,14752,"5.99","2020-03-21 22:40:08.996577+01"
20401,362,2,14336,"4.99","2020-03-21 08:02:08.996577+01"
20404,362,1,14808,"4.99","2020-03-22 00:27:01.996577+01"
20396,362,2,12244,"4.99","2020-03-18 03:07:37.996577+01"
20395,362,2,10546,"3.99","2020-03-01 12:12:43.996577+01"
20400,362,2,14129,"2.99","2020-03-21 01:10:41.996577+01"
20405,362,1,14950,"2.99","2020-03-22 05:45:38.996577+01"
20409,363,1,13706,"9.99","2020-03-20 09:01:22.996577+01"
20406,363,1,10339,"6.99","2020-03-01 04:34:16.996577+01"
20407,363,2,12189,"5.99","2020-03-18 01:20:10.996577+01"
20411,363,1,14983,"5.99","2020-03-22 07:00:49.996577+01"
20408,363,2,12760,"4.99","2020-03-18 22:31:45.996577+01"
20412,363,2,15279,"4.99","2020-03-22 18:37:15.996577+01"
20413,363,1,15335,"4.99","2020-03-22 20:13:21.996577+01"
20410,363,1,14694,"2.99","2020-03-21 20:15:08.996577+01"
20414,364,2,10290,"5.99","2020-03-01 03:08:16.996577+01"
20416,364,1,12557,"4.99","2020-03-18 14:19:29.996577+01"
20421,364,2,14293,"4.99","2020-03-21 06:35:13.996577+01"
20415,364,2,11932,"4.99","2020-03-17 16:04:38.996577+01"
20419,364,1,13698,"4.99","2020-03-20 08:52:52.996577+01"
20418,364,2,12912,"3.99","2020-03-19 03:53:01.996577+01"
20417,364,1,12761,"1.99","2020-03-18 22:33:48.996577+01"
20420,364,2,13936,"0.99","2020-03-20 16:51:01.996577+01"
20422,364,1,15242,"0.99","2020-03-22 17:16:36.996577+01"
20426,365,1,12804,"8.99","2020-03-19 00:01:41.996577+01"
20428,365,2,14463,"6.99","2020-03-21 12:20:15.996577+01"
20425,365,2,12375,"4.99","2020-03-18 07:48:34.996577+01"
20424,365,2,12322,"2.99","2020-03-18 06:03:54.996577+01"
20427,365,1,13619,"2.99","2020-03-20 06:07:52.996577+01"
20423,365,2,10717,"2.99","2020-03-01 18:22:19.996577+01"
20440,366,1,14906,"6.99","2020-03-22 04:06:44.996577+01"
20431,366,2,11340,"5.99","2020-03-02 16:34:09.996577+01"
20433,366,1,12608,"4.99","2020-03-18 16:33:41.996577+01"
20429,366,1,10384,"4.99","2020-03-01 06:07:40.996577+01"
20437,366,1,14290,"4.99","2020-03-21 06:31:25.996577+01"
20436,366,1,14147,"4.99","2020-03-21 01:42:29.996577+01"
20441,366,1,15514,"2.99","2020-03-23 02:32:06.996577+01"
20430,366,2,11337,"2.99","2020-03-02 16:27:35.996577+01"
20432,366,2,12413,"2.99","2020-03-18 09:19:00.996577+01"
20435,366,1,13857,"2.99","2020-03-20 14:18:32.996577+01"
20438,366,1,14390,"2.99","2020-03-21 09:44:04.996577+01"
20439,366,1,14717,"2.99","2020-03-21 20:59:05.996577+01"
20434,366,2,13563,"0.99","2020-03-20 04:01:57.996577+01"
20449,367,1,14481,"10.99","2020-03-21 13:09:40.996577+01"
20445,367,2,12373,"8.99","2020-03-18 07:35:51.996577+01"
20446,367,2,12911,"6.99","2020-03-19 03:52:36.996577+01"
20448,367,1,14413,"6.99","2020-03-21 10:34:59.996577+01"
20442,367,2,10344,"4.99","2020-03-01 04:46:49.996577+01"
20447,367,2,13235,"4.99","2020-03-19 15:46:19.996577+01"
20443,367,1,12152,"4.99","2020-03-17 23:50:01.996577+01"
20444,367,2,12362,"0.99","2020-03-18 07:16:31.996577+01"
20455,368,2,13189,"8.99","2020-03-19 13:55:42.996577+01"
20450,368,2,10730,"8.99","2020-03-01 18:50:08.996577+01"
20460,368,1,14393,"7.99","2020-03-21 09:51:17.996577+01"
20458,368,2,13781,"7.99","2020-03-20 11:35:11.996577+01"
20454,368,1,12796,"4.99","2020-03-18 23:50:50.996577+01"
20456,368,2,13280,"2.99","2020-03-19 17:31:17.996577+01"
20453,368,2,12319,"2.99","2020-03-18 05:55:11.996577+01"
20461,368,1,15353,"2.99","2020-03-22 20:46:34.996577+01"
20462,368,1,15437,"2.99","2020-03-22 23:59:35.996577+01"
20451,368,2,10848,"1.99","2020-03-01 23:18:48.996577+01"
20459,368,2,13963,"1.99","2020-03-20 17:48:44.996577+01"
20457,368,2,13378,"0.99","2020-03-19 21:02:01.996577+01"
20452,368,1,11844,"0.99","2020-03-17 12:44:30.996577+01"
20469,369,2,14684,"5.99","2020-03-21 19:56:52.996577+01"
20466,369,1,11084,"4.99","2020-03-02 07:02:45.996577+01"
20464,369,2,10359,"3.99","2020-03-01 05:20:47.996577+01"
20465,369,2,10713,"2.99","2020-03-01 18:18:31.996577+01"
20467,369,2,11388,"1.99","2020-03-02 18:04:21.996577+01"
20468,369,1,12521,"0.99","2020-03-18 13:11:33.996577+01"
20463,369,1,10299,"0.99","2020-03-01 03:36:30.996577+01"
20479,370,1,15982,"5.99","2020-03-23 19:41:57.996577+01"
20470,370,1,10336,"4.99","2020-03-01 04:28:19.996577+01"
20473,370,1,12339,"4.99","2020-03-18 06:33:32.996577+01"
20478,370,1,15626,"4.99","2020-03-23 06:54:00.996577+01"
20475,370,1,14602,"3.99","2020-03-21 17:17:15.996577+01"
20477,370,2,15368,"3.99","2020-03-22 21:25:41.996577+01"
20476,370,2,14786,"2.99","2020-03-21 23:53:08.996577+01"
20471,370,1,11540,"1.99","2020-03-17 00:16:29.996577+01"
20472,370,2,11925,"0.99","2020-03-17 15:51:30.996577+01"
20474,370,1,13039,"0.99","2020-03-19 08:23:45.996577+01"
20480,371,1,11086,"10.99","2020-03-02 07:07:10.996577+01"
20481,371,2,12397,"9.99","2020-03-18 08:41:18.996577+01"
20482,371,2,12584,"7.99","2020-03-18 15:20:02.996577+01"
20485,371,1,13191,"4.99","2020-03-19 13:57:14.996577+01"
20486,371,2,13953,"4.99","2020-03-20 17:29:03.996577+01"
20484,371,2,13143,"3.99","2020-03-19 12:13:04.996577+01"
20487,371,1,14384,"2.99","2020-03-21 09:31:03.996577+01"
20483,371,1,13028,"2.99","2020-03-19 07:55:49.996577+01"
20489,371,1,15824,"2.99","2020-03-23 14:37:43.996577+01"
20488,371,1,15786,"0.99","2020-03-23 13:17:00.996577+01"
20490,372,2,11134,"10.99","2020-03-02 08:47:48.996577+01"
20497,372,2,14037,"9.99","2020-03-20 21:04:24.996577+01"
20496,372,2,13871,"8.99","2020-03-20 14:38:39.996577+01"
20498,372,1,14211,"4.99","2020-03-21 03:57:37.996577+01"
20492,372,2,11555,"4.99","2020-03-17 00:37:25.996577+01"
20495,372,2,13402,"4.99","2020-03-19 21:45:19.996577+01"
20494,372,1,12714,"3.99","2020-03-18 20:36:27.996577+01"
20491,372,2,11438,"3.99","2020-03-02 19:49:34.996577+01"
20502,372,1,15563,"2.99","2020-03-23 04:37:24.996577+01"
20499,372,1,14331,"2.99","2020-03-21 07:58:04.996577+01"
20500,372,1,14770,"1.99","2020-03-21 23:15:42.996577+01"
20501,372,2,15041,"0.99","2020-03-22 09:11:44.996577+01"
20493,372,1,12224,"0.99","2020-03-18 02:27:35.996577+01"
20510,373,1,12748,"7.99","2020-03-18 21:57:31.996577+01"
20504,373,2,11066,"7.99","2020-03-02 06:26:58.996577+01"
20505,373,2,11512,"7.99","2020-03-16 23:19:32.996577+01"
20515,373,2,15014,"6.99","2020-03-22 08:11:37.996577+01"
20509,373,2,12536,"5.99","2020-03-18 13:34:32.996577+01"
20503,373,1,10758,"5.99","2020-03-01 19:51:17.996577+01"
20508,373,1,12142,"5.99","2020-03-17 23:32:38.996577+01"
20507,373,2,11976,"3.99","2020-03-17 17:27:45.996577+01"
20506,373,2,11663,"3.99","2020-03-17 04:58:45.996577+01"
20516,373,1,15068,"3.99","2020-03-22 10:18:39.996577+01"
20513,373,1,13329,"3.99","2020-03-19 19:25:21.996577+01"
20514,373,2,13467,"2.99","2020-03-20 00:25:10.996577+01"
20512,373,2,13299,"2.99","2020-03-19 18:14:59.996577+01"
20511,373,2,12780,"0.99","2020-03-18 23:16:42.996577+01"
20522,374,2,14524,"8.99","2020-03-21 14:33:53.996577+01"
20526,374,2,15366,"6.99","2020-03-22 21:14:23.996577+01"
20523,374,2,15053,"5.99","2020-03-22 09:41:35.996577+01"
20521,374,2,13734,"4.99","2020-03-20 09:58:23.996577+01"
20525,374,2,15202,"4.99","2020-03-22 15:55:19.996577+01"
20524,374,1,15200,"2.99","2020-03-22 15:51:19.996577+01"
20517,374,1,10695,"2.99","2020-03-01 17:44:46.996577+01"
20520,374,1,13337,"2.99","2020-03-19 19:35:23.996577+01"
20519,374,2,12696,"2.99","2020-03-18 19:41:34.996577+01"
20518,374,1,11619,"0.99","2020-03-17 03:31:52.996577+01"
20534,375,2,12122,"9.99","2020-03-17 22:49:11.996577+01"
20532,375,1,10961,"6.99","2020-03-02 03:16:21.996577+01"
20531,375,1,10859,"5.99","2020-03-01 23:40:05.996577+01"
20533,375,2,11008,"5.99","2020-03-02 04:34:43.996577+01"
20536,375,1,13836,"4.99","2020-03-20 13:46:42.996577+01"
20538,375,1,15505,"4.99","2020-03-23 02:14:39.996577+01"
20530,375,1,10672,"4.99","2020-03-01 16:39:20.996577+01"
20537,375,1,15004,"2.99","2020-03-22 07:43:47.996577+01"
20528,375,2,10589,"1.99","2020-03-01 13:39:35.996577+01"
20527,375,1,10274,"0.99","2020-03-01 02:45:17.996577+01"
20529,375,1,10640,"0.99","2020-03-01 15:13:17.996577+01"
20535,375,2,12663,"0.99","2020-03-18 18:39:18.996577+01"
20546,376,2,13761,"4.99","2020-03-20 10:57:16.996577+01"
20541,376,1,11144,"4.99","2020-03-02 09:07:43.996577+01"
20547,376,1,15107,"4.99","2020-03-22 11:33:28.996577+01"
20542,376,2,11792,"4.99","2020-03-17 10:32:19.996577+01"
20543,376,1,11851,"4.99","2020-03-17 12:58:53.996577+01"
20539,376,2,10413,"3.99","2020-03-01 07:28:05.996577+01"
20540,376,1,10810,"3.99","2020-03-01 22:09:05.996577+01"
20548,376,1,15382,"2.99","2020-03-22 21:59:16.996577+01"
20544,376,1,13009,"0.99","2020-03-19 07:19:01.996577+01"
20545,376,1,13141,"0.99","2020-03-19 12:10:07.996577+01"
20557,377,1,15999,"7.99","2020-03-23 20:12:36.996577+01"
20552,377,1,12549,"4.99","2020-03-18 14:06:33.996577+01"
20549,377,1,10738,"3.99","2020-03-01 19:07:34.996577+01"
20550,377,1,10943,"2.99","2020-03-02 02:45:55.996577+01"
20553,377,1,13249,"2.99","2020-03-19 16:16:07.996577+01"
20551,377,1,12390,"1.99","2020-03-18 08:20:08.996577+01"
20554,377,1,13275,"0.99","2020-03-19 17:22:04.996577+01"
20555,377,2,15088,"0.99","2020-03-22 10:56:52.996577+01"
20556,377,1,15995,"0.99","2020-03-23 19:58:22.996577+01"
20561,378,1,12828,"4.99","2020-03-19 01:06:13.996577+01"
20559,378,1,11111,"4.99","2020-03-02 07:49:53.996577+01"
20562,378,2,14502,"4.99","2020-03-21 13:50:54.996577+01"
20558,378,1,10917,"4.99","2020-03-02 01:34:44.996577+01"
20563,378,1,14971,"2.99","2020-03-22 06:21:15.996577+01"
20560,378,1,12596,"2.99","2020-03-18 15:58:01.996577+01"
20567,379,2,13397,"7.99","2020-03-19 21:35:01.996577+01"
20569,379,1,14011,"5.99","2020-03-20 20:01:22.996577+01"
20574,379,1,15446,"4.99","2020-03-23 00:17:50.996577+01"
20565,379,1,12503,"4.99","2020-03-18 12:45:12.996577+01"
20573,379,2,15399,"4.99","2020-03-22 22:40:25.996577+01"
20572,379,1,14886,"4.99","2020-03-22 03:27:27.996577+01"
20564,379,2,11457,"3.99","2020-03-02 20:42:42.996577+01"
20575,379,2,15930,"3.99","2020-03-23 17:55:17.996577+01"
20570,379,2,14152,"2.99","2020-03-21 01:52:16.996577+01"
20568,379,1,13485,"0.99","2020-03-20 00:48:40.996577+01"
20566,379,1,13334,"0.99","2020-03-19 19:30:59.996577+01"
20571,379,1,14470,"0.99","2020-03-21 12:38:07.996577+01"
20581,380,1,12996,"6.99","2020-03-19 06:59:58.996577+01"
20582,380,1,14529,"6.99","2020-03-21 14:36:57.996577+01"
20584,380,2,15175,"5.99","2020-03-22 14:57:41.996577+01"
20580,380,1,12636,"3.99","2020-03-18 17:28:55.996577+01"
20577,380,1,10983,"3.99","2020-03-02 03:52:49.996577+01"
20585,380,1,15361,"2.99","2020-03-22 21:08:11.996577+01"
20586,380,2,15636,"2.99","2020-03-23 07:19:12.996577+01"
20588,380,2,15748,"2.99","2020-03-23 12:01:26.996577+01"
20587,380,1,15697,"2.99","2020-03-23 09:33:02.996577+01"
20576,380,2,10450,"1.99","2020-03-01 08:38:29.996577+01"
20583,380,1,14935,"1.99","2020-03-22 05:15:57.996577+01"
20579,380,2,11945,"0.99","2020-03-17 16:33:59.996577+01"
20578,380,1,11936,"0.99","2020-03-17 16:14:00.996577+01"
20595,381,2,13202,"8.99","2020-03-19 14:26:56.996577+01"
20593,381,2,12237,"4.99","2020-03-18 02:53:04.996577+01"
20599,381,1,14198,"4.99","2020-03-21 03:16:57.996577+01"
20600,381,2,15299,"4.99","2020-03-22 19:11:23.996577+01"
20601,381,1,15747,"4.99","2020-03-23 11:57:50.996577+01"
20598,381,2,13995,"2.99","2020-03-20 19:03:09.996577+01"
20594,381,2,12632,"2.99","2020-03-18 17:22:47.996577+01"
20592,381,2,12135,"2.99","2020-03-17 23:18:50.996577+01"
20591,381,1,11519,"2.99","2020-03-16 23:29:53.996577+01"
20590,381,2,10705,"0.99","2020-03-01 18:07:20.996577+01"
20589,381,1,10608,"0.99","2020-03-01 14:17:07.996577+01"
20596,381,2,13430,"0.99","2020-03-19 22:54:09.996577+01"
20597,381,1,13614,"0.99","2020-03-20 05:57:03.996577+01"
20608,382,2,15939,"7.99","2020-03-23 18:12:47.996577+01"
20607,382,2,14354,"5.99","2020-03-21 08:36:40.996577+01"
20605,382,1,14009,"4.99","2020-03-20 19:55:19.996577+01"
20606,382,2,14300,"4.99","2020-03-21 06:48:03.996577+01"
20602,382,2,10327,"3.99","2020-03-01 04:24:01.996577+01"
20603,382,2,12229,"0.99","2020-03-18 02:36:49.996577+01"
20604,382,2,12529,"0.99","2020-03-18 13:22:02.996577+01"
20618,383,1,15881,"6.99","2020-03-23 16:12:51.996577+01"
20615,383,2,14039,"4.99","2020-03-20 21:08:09.996577+01"
20609,383,2,10515,"4.99","2020-03-01 11:09:59.996577+01"
20610,383,1,10971,"4.99","2020-03-02 03:36:43.996577+01"
20614,383,1,12735,"4.99","2020-03-18 21:33:20.996577+01"
20616,383,2,14678,"4.99","2020-03-21 19:41:09.996577+01"
20613,383,1,11592,"2.99","2020-03-17 02:04:30.996577+01"
20617,383,1,15416,"1.99","2020-03-22 23:19:49.996577+01"
20611,383,2,10993,"0.99","2020-03-02 04:13:27.996577+01"
20612,383,2,11122,"0.99","2020-03-02 08:17:35.996577+01"
20619,384,2,11773,"5.99","2020-03-17 09:48:17.996577+01"
20623,384,1,14963,"5.99","2020-03-22 06:06:36.996577+01"
20624,384,2,15321,"4.99","2020-03-22 19:48:30.996577+01"
20621,384,2,14416,"2.99","2020-03-21 10:40:12.996577+01"
20620,384,2,13521,"2.99","2020-03-20 02:10:54.996577+01"
20622,384,1,14841,"0.99","2020-03-22 01:31:56.996577+01"
20631,385,2,12686,"8.99","2020-03-18 19:23:35.996577+01"
20632,385,2,13062,"7.99","2020-03-19 09:12:43.996577+01"
20634,385,1,15488,"6.99","2020-03-23 01:34:27.996577+01"
20627,385,1,10655,"4.99","2020-03-01 16:01:53.996577+01"
20626,385,1,10636,"3.99","2020-03-01 15:09:01.996577+01"
20629,385,1,11559,"2.99","2020-03-17 00:48:52.996577+01"
20630,385,2,12310,"2.99","2020-03-18 05:31:00.996577+01"
20628,385,1,11021,"2.99","2020-03-02 04:58:37.996577+01"
20625,385,1,10557,"0.99","2020-03-01 12:27:50.996577+01"
20633,385,1,13117,"0.99","2020-03-19 11:01:46.996577+01"
20643,386,2,13869,"6.99","2020-03-20 14:37:23.996577+01"
20639,386,2,11695,"4.99","2020-03-17 06:29:34.996577+01"
20635,386,1,10572,"4.99","2020-03-01 12:55:19.996577+01"
20636,386,2,10618,"3.99","2020-03-01 14:35:04.996577+01"
20641,386,1,13716,"3.99","2020-03-20 09:16:58.996577+01"
20640,386,2,12961,"2.99","2020-03-19 05:51:03.996577+01"
20637,386,1,10715,"2.99","2020-03-01 18:20:14.996577+01"
20642,386,1,13764,"2.99","2020-03-20 11:06:42.996577+01"
20638,386,2,11128,"2.99","2020-03-02 08:31:51.996577+01"
20644,386,1,15949,"0.99","2020-03-23 18:34:30.996577+01"
20649,387,1,12936,"6.99","2020-03-19 04:53:32.996577+01"
20654,387,2,14279,"5.99","2020-03-21 06:07:34.996577+01"
20651,387,1,13082,"5.99","2020-03-19 09:47:45.996577+01"
20646,387,1,10838,"4.99","2020-03-01 23:04:36.996577+01"
20648,387,2,12153,"4.99","2020-03-17 23:50:56.996577+01"
20653,387,2,13772,"4.99","2020-03-20 11:16:18.996577+01"
20647,387,2,11682,"2.99","2020-03-17 05:42:06.996577+01"
20650,387,2,13034,"2.99","2020-03-19 08:09:55.996577+01"
20645,387,1,10564,"0.99","2020-03-01 12:36:00.996577+01"
20652,387,2,13645,"0.99","2020-03-20 07:15:31.996577+01"
20655,387,2,14979,"0.99","2020-03-22 06:45:02.996577+01"
20664,388,1,14273,"10.99","2020-03-21 05:55:14.996577+01"
20659,388,2,12267,"6.99","2020-03-18 03:52:56.996577+01"
20666,388,2,15660,"5.99","2020-03-23 08:19:47.996577+01"
20665,388,2,14853,"5.99","2020-03-22 01:54:59.996577+01"
20660,388,2,12497,"4.99","2020-03-18 12:27:06.996577+01"
20663,388,1,12977,"4.99","2020-03-19 06:23:59.996577+01"
20662,388,1,12749,"2.99","2020-03-18 21:59:47.996577+01"
20658,388,1,12068,"2.99","2020-03-17 21:05:34.996577+01"
20661,388,2,12646,"2.99","2020-03-18 17:53:32.996577+01"
20657,388,2,12044,"0.99","2020-03-17 20:08:03.996577+01"
20656,388,2,11604,"0.99","2020-03-17 02:56:53.996577+01"
20676,389,2,16011,"9.99","2020-03-23 20:39:59.996577+01"
20672,389,2,14493,"7.99","2020-03-21 13:30:10.996577+01"
20675,389,1,15462,"5.99","2020-03-23 00:42:27.996577+01"
20668,389,2,11348,"4.99","2020-03-02 16:47:04.996577+01"
20671,389,2,12069,"4.99","2020-03-17 21:08:06.996577+01"
20670,389,2,11944,"3.99","2020-03-17 16:31:08.996577+01"
20673,389,1,14578,"2.99","2020-03-21 16:22:04.996577+01"
20674,389,1,14777,"2.99","2020-03-21 23:24:16.996577+01"
20669,389,2,11441,"2.99","2020-03-02 19:54:07.996577+01"
20667,389,1,10949,"2.99","2020-03-02 02:52:30.996577+01"
20687,390,2,15303,"8.99","2020-03-22 19:13:25.996577+01"
20684,390,2,13618,"7.99","2020-03-20 06:05:12.996577+01"
20677,390,1,12105,"5.99","2020-03-17 22:23:11.996577+01"
20685,390,2,13893,"5.99","2020-03-20 15:21:18.996577+01"
20686,390,2,15222,"4.99","2020-03-22 16:40:56.996577+01"
20680,390,1,13473,"4.99","2020-03-20 00:32:16.996577+01"
20688,390,2,15376,"4.99","2020-03-22 21:50:01.996577+01"
20683,390,2,13591,"3.99","2020-03-20 05:18:31.996577+01"
20682,390,2,13546,"3.99","2020-03-20 03:18:50.996577+01"
20679,390,1,13413,"3.99","2020-03-19 22:15:12.996577+01"
20678,390,2,12803,"2.99","2020-03-18 23:56:47.996577+01"
20681,390,1,13501,"0.99","2020-03-20 01:24:46.996577+01"
20690,391,1,11151,"4.99","2020-03-02 09:21:10.996577+01"
20692,391,1,11602,"4.99","2020-03-17 02:49:45.996577+01"
20691,391,2,11434,"2.99","2020-03-02 19:41:40.996577+01"
20689,391,2,10406,"2.99","2020-03-01 07:05:31.996577+01"
20695,391,1,13980,"2.99","2020-03-20 18:33:06.996577+01"
20694,391,1,12100,"1.99","2020-03-17 22:09:36.996577+01"
20696,391,1,14381,"0.99","2020-03-21 09:24:13.996577+01"
20693,391,1,12090,"0.99","2020-03-17 21:50:09.996577+01"
20704,392,2,14081,"7.99","2020-03-20 23:03:39.996577+01"
20700,392,2,12102,"6.99","2020-03-17 22:13:52.996577+01"
20701,392,1,12368,"6.99","2020-03-18 07:26:04.996577+01"
20707,392,2,14438,"5.99","2020-03-21 11:19:36.996577+01"
20705,392,1,14223,"5.99","2020-03-21 04:20:17.996577+01"
20697,392,1,10435,"4.99","2020-03-01 08:19:17.996577+01"
20703,392,1,13629,"4.99","2020-03-20 06:32:33.996577+01"
20699,392,1,11686,"2.99","2020-03-17 06:07:56.996577+01"
20702,392,2,12561,"0.99","2020-03-18 14:27:17.996577+01"
20698,392,1,11459,"0.99","2020-03-02 20:53:51.996577+01"
20706,392,2,14369,"0.99","2020-03-21 09:02:10.996577+01"
20713,393,2,13357,"4.99","2020-03-19 20:31:25.996577+01"
20712,393,1,13184,"4.99","2020-03-19 13:44:44.996577+01"
20710,393,1,12563,"4.99","2020-03-18 14:36:55.996577+01"
20718,393,2,16049,"3.99","2020-03-23 22:18:38.996577+01"
20716,393,2,15284,"3.99","2020-03-22 18:45:34.996577+01"
20715,393,1,15132,"2.99","2020-03-22 12:39:51.996577+01"
20708,393,2,12059,"2.99","2020-03-17 20:37:49.996577+01"
20714,393,2,13788,"1.99","2020-03-20 11:44:07.996577+01"
20709,393,1,12113,"1.99","2020-03-17 22:29:26.996577+01"
20717,393,2,15527,"0.99","2020-03-23 03:13:17.996577+01"
20711,393,1,12676,"0.99","2020-03-18 19:03:06.996577+01"
20724,394,2,12510,"9.99","2020-03-18 12:50:51.996577+01"
20723,394,1,12389,"4.99","2020-03-18 08:17:02.996577+01"
20719,394,1,10319,"4.99","2020-03-01 04:05:45.996577+01"
20722,394,1,12080,"4.99","2020-03-17 21:36:30.996577+01"
20725,394,2,13047,"0.99","2020-03-19 08:53:15.996577+01"
20721,394,1,10718,"0.99","2020-03-01 18:24:04.996577+01"
20726,394,1,14605,"0.99","2020-03-21 17:24:32.996577+01"
20720,394,1,10603,"0.99","2020-03-01 13:59:01.996577+01"
20728,395,1,14471,"5.99","2020-03-21 12:39:06.996577+01"
20732,395,1,15970,"4.99","2020-03-23 19:22:50.996577+01"
20730,395,1,15698,"2.99","2020-03-23 09:40:06.996577+01"
20727,395,1,11889,"0.99","2020-03-17 14:36:53.996577+01"
20729,395,2,14720,"0.99","2020-03-21 21:12:19.996577+01"
20731,395,1,15856,"0.99","2020-03-23 15:27:38.996577+01"
20742,396,2,15198,"7.99","2020-03-22 15:43:59.996577+01"
20740,396,2,14778,"5.99","2020-03-21 23:24:56.996577+01"
20734,396,2,12393,"5.99","2020-03-18 08:31:07.996577+01"
20738,396,1,14169,"4.99","2020-03-21 02:28:57.996577+01"
20735,396,1,12895,"4.99","2020-03-19 03:19:14.996577+01"
20736,396,2,13355,"4.99","2020-03-19 20:27:45.996577+01"
20737,396,1,14078,"3.99","2020-03-20 22:55:06.996577+01"
20739,396,1,14508,"2.99","2020-03-21 14:02:24.996577+01"
20741,396,1,14792,"1.99","2020-03-22 00:05:07.996577+01"
20733,396,2,10610,"0.99","2020-03-01 14:18:07.996577+01"
20754,397,1,14790,"6.99","2020-03-22 00:02:43.996577+01"
20755,397,1,15083,"6.99","2020-03-22 10:46:03.996577+01"
20752,397,1,12772,"4.99","2020-03-18 22:57:51.996577+01"
20744,397,2,10598,"4.99","2020-03-01 13:52:02.996577+01"
20746,397,2,11511,"4.99","2020-03-16 23:08:25.996577+01"
20753,397,2,14100,"3.99","2020-03-20 23:59:33.996577+01"
20747,397,2,12223,"2.99","2020-03-18 02:27:06.996577+01"
20751,397,2,12726,"2.99","2020-03-18 21:13:12.996577+01"
20749,397,2,12329,"1.99","2020-03-18 06:12:56.996577+01"
20745,397,1,10785,"1.99","2020-03-01 20:53:21.996577+01"
20750,397,2,12700,"0.99","2020-03-18 19:53:12.996577+01"
20743,397,1,10534,"0.99","2020-03-01 11:43:37.996577+01"
20748,397,1,12276,"0.99","2020-03-18 04:11:48.996577+01"
20759,398,2,13643,"4.99","2020-03-20 07:10:50.996577+01"
20757,398,2,11132,"4.99","2020-03-02 08:42:35.996577+01"
20760,398,1,15189,"3.99","2020-03-22 15:25:08.996577+01"
20756,398,1,10230,"2.99","2020-03-01 01:18:02.996577+01"
20758,398,2,12528,"2.99","2020-03-18 13:21:07.996577+01"
20762,399,2,10960,"5.99","2020-03-02 03:14:44.996577+01"
20765,399,1,13253,"4.99","2020-03-19 16:22:22.996577+01"
20763,399,1,11329,"4.99","2020-03-02 16:11:18.996577+01"
20768,399,1,15468,"4.99","2020-03-23 00:53:56.996577+01"
20766,399,2,13293,"4.99","2020-03-19 18:04:18.996577+01"
20764,399,1,11953,"3.99","2020-03-17 16:45:08.996577+01"
20761,399,2,10654,"2.99","2020-03-01 16:00:01.996577+01"
20767,399,1,15300,"0.99","2020-03-22 19:12:26.996577+01"
20771,400,2,11510,"6.99","2020-03-16 22:58:33.996577+01"
20773,400,1,11600,"5.99","2020-03-17 02:40:30.996577+01"
20778,400,2,15988,"4.99","2020-03-23 19:51:34.996577+01"
20777,400,2,15533,"4.99","2020-03-23 03:23:05.996577+01"
20769,400,2,10484,"2.99","2020-03-01 09:48:19.996577+01"
20772,400,2,11530,"2.99","2020-03-16 23:57:26.996577+01"
20774,400,1,12514,"2.99","2020-03-18 13:02:21.996577+01"
20775,400,2,13449,"2.99","2020-03-19 23:45:27.996577+01"
20776,400,1,14775,"2.99","2020-03-21 23:21:33.996577+01"
20770,400,1,10711,"0.99","2020-03-01 18:13:35.996577+01"
20783,401,1,13024,"4.99","2020-03-19 07:47:47.996577+01"
20780,401,1,12475,"4.99","2020-03-18 11:42:47.996577+01"
20781,401,2,12479,"4.99","2020-03-18 11:55:03.996577+01"
20782,401,1,12906,"2.99","2020-03-19 03:42:09.996577+01"
20779,401,1,11820,"2.99","2020-03-17 11:53:59.996577+01"
20785,401,2,14433,"1.99","2020-03-21 11:05:00.996577+01"
20784,401,1,14359,"0.99","2020-03-21 08:44:45.996577+01"
20786,401,1,15831,"0.99","2020-03-23 14:49:45.996577+01"
20787,401,1,15927,"0.99","2020-03-23 17:51:37.996577+01"
20791,402,1,15428,"4.99","2020-03-22 23:40:18.996577+01"
20789,402,2,11549,"4.99","2020-03-17 00:30:14.996577+01"
20790,402,2,11920,"0.99","2020-03-17 15:38:45.996577+01"
20788,402,2,11045,"0.99","2020-03-02 05:36:20.996577+01"
20796,403,2,11391,"9.99","2020-03-02 18:08:38.996577+01"
20795,403,1,11038,"7.99","2020-03-02 05:28:08.996577+01"
20793,403,1,10547,"6.99","2020-03-01 12:12:43.996577+01"
20800,403,2,12005,"5.99","2020-03-17 18:25:21.996577+01"
20802,403,1,12793,"5.99","2020-03-18 23:49:02.996577+01"
20805,403,2,14725,"4.99","2020-03-21 21:30:34.996577+01"
20806,403,1,15410,"4.99","2020-03-22 22:56:09.996577+01"
20801,403,1,12132,"2.99","2020-03-17 23:05:29.996577+01"
20794,403,2,10789,"2.99","2020-03-01 21:06:21.996577+01"
20792,403,1,10443,"2.99","2020-03-01 08:29:30.996577+01"
20797,403,2,11427,"2.99","2020-03-02 19:31:05.996577+01"
20803,403,1,14519,"2.99","2020-03-21 14:27:55.996577+01"
20804,403,1,14662,"0.99","2020-03-21 19:13:53.996577+01"
20799,403,2,11558,"0.99","2020-03-17 00:48:18.996577+01"
20798,403,2,11460,"0.99","2020-03-02 20:56:29.996577+01"
20817,404,2,15290,"10.99","2020-03-22 18:56:28.996577+01"
20809,404,1,12554,"8.99","2020-03-18 14:15:54.996577+01"
20813,404,2,14835,"5.99","2020-03-22 01:17:33.996577+01"
20808,404,1,12325,"5.99","2020-03-18 06:09:56.996577+01"
20810,404,2,13412,"5.99","2020-03-19 22:15:01.996577+01"
20811,404,1,13422,"4.99","2020-03-19 22:35:50.996577+01"
20814,404,2,14838,"4.99","2020-03-22 01:26:00.996577+01"
20815,404,2,14912,"4.99","2020-03-22 04:20:08.996577+01"
20807,404,1,10651,"2.99","2020-03-01 15:48:48.996577+01"
20812,404,1,14691,"0.99","2020-03-21 20:10:55.996577+01"
20816,404,2,15087,"0.99","2020-03-22 10:52:35.996577+01"
20820,405,1,11345,"7.99","2020-03-02 16:42:45.996577+01"
20822,405,2,12425,"5.99","2020-03-18 09:46:32.996577+01"
20819,405,2,10823,"4.99","2020-03-01 22:27:36.996577+01"
20829,405,1,15932,"4.99","2020-03-23 18:00:06.996577+01"
20818,405,1,10472,"4.99","2020-03-01 09:23:07.996577+01"
20825,405,1,14274,"4.99","2020-03-21 05:57:46.996577+01"
20828,405,2,15383,"2.99","2020-03-22 21:59:46.996577+01"
20827,405,1,15072,"1.99","2020-03-22 10:27:11.996577+01"
20823,405,1,13304,"1.99","2020-03-19 18:24:58.996577+01"
20824,405,1,13398,"0.99","2020-03-19 21:37:14.996577+01"
20821,405,1,12050,"0.99","2020-03-17 20:23:51.996577+01"
20826,405,2,14537,"0.99","2020-03-21 14:52:50.996577+01"
20833,406,2,14205,"6.99","2020-03-21 03:25:41.996577+01"
20832,406,2,12505,"5.99","2020-03-18 12:45:56.996577+01"
20831,406,1,11603,"4.99","2020-03-17 02:50:36.996577+01"
20834,406,2,14421,"2.99","2020-03-21 10:48:47.996577+01"
20835,406,2,14601,"2.99","2020-03-21 17:14:18.996577+01"
20830,406,1,10632,"1.99","2020-03-01 15:05:22.996577+01"
20837,407,1,11214,"8.99","2020-03-02 11:48:16.996577+01"
20845,407,2,13856,"6.99","2020-03-20 14:17:58.996577+01"
20846,407,2,14401,"6.99","2020-03-21 10:04:46.996577+01"
20839,407,2,11382,"5.99","2020-03-02 17:49:18.996577+01"
20840,407,2,11518,"4.99","2020-03-16 23:28:15.996577+01"
20836,407,2,10774,"4.99","2020-03-01 20:22:59.996577+01"
20843,407,2,12931,"2.99","2020-03-19 04:40:13.996577+01"
20838,407,1,11222,"2.99","2020-03-02 12:00:54.996577+01"
20848,407,2,15334,"1.99","2020-03-22 20:13:01.996577+01"
20844,407,1,13800,"0.99","2020-03-20 12:09:14.996577+01"
20841,407,1,11677,"0.99","2020-03-17 05:34:52.996577+01"
20842,407,2,12566,"0.99","2020-03-18 14:41:30.996577+01"
20847,407,2,15320,"0.99","2020-03-22 19:46:15.996577+01"
20854,408,1,13508,"7.99","2020-03-20 01:41:20.996577+01"
20860,408,1,15765,"6.99","2020-03-23 12:34:45.996577+01"
20857,408,2,14733,"4.99","2020-03-21 21:50:59.996577+01"
20851,408,1,12338,"4.99","2020-03-18 06:32:50.996577+01"
20855,408,2,13744,"3.99","2020-03-20 10:20:11.996577+01"
20858,408,1,15628,"2.99","2020-03-23 06:56:30.996577+01"
20849,408,2,11115,"2.99","2020-03-02 07:59:32.996577+01"
20850,408,1,12140,"2.99","2020-03-17 23:26:21.996577+01"
20852,408,1,12498,"2.99","2020-03-18 12:29:34.996577+01"
20856,408,1,13944,"2.99","2020-03-20 17:09:42.996577+01"
20859,408,2,15716,"1.99","2020-03-23 10:30:26.996577+01"
20853,408,2,12900,"0.99","2020-03-19 03:32:15.996577+01"
20862,409,1,13392,"8.99","2020-03-19 21:31:48.996577+01"
20863,409,2,13632,"6.99","2020-03-20 06:39:18.996577+01"
20865,409,1,14697,"4.99","2020-03-21 20:17:47.996577+01"
20864,409,1,14103,"1.99","2020-03-21 00:05:26.996577+01"
20861,409,2,12830,"0.99","2020-03-19 01:08:51.996577+01"
20869,410,1,11187,"10.99","2020-03-02 10:44:45.996577+01"
20872,410,2,12955,"8.99","2020-03-19 05:34:24.996577+01"
20875,410,2,13948,"6.99","2020-03-20 17:19:14.996577+01"
20871,410,1,11694,"6.99","2020-03-17 06:25:56.996577+01"
20870,410,1,11472,"6.99","2020-03-02 21:17:32.996577+01"
20878,410,1,14319,"4.99","2020-03-21 07:29:21.996577+01"
20866,410,1,10402,"4.99","2020-03-01 06:55:45.996577+01"
20873,410,1,13460,"4.99","2020-03-20 00:16:50.996577+01"
20877,410,2,14298,"4.99","2020-03-21 06:45:36.996577+01"
20882,410,1,15518,"4.99","2020-03-23 02:48:00.996577+01"
20881,410,2,15392,"3.99","2020-03-22 22:30:41.996577+01"
20876,410,1,14237,"3.99","2020-03-21 04:43:26.996577+01"
20880,410,1,15211,"2.99","2020-03-22 16:08:47.996577+01"
20879,410,2,14819,"2.99","2020-03-22 00:45:45.996577+01"
20867,410,1,10837,"2.99","2020-03-01 22:58:48.996577+01"
20874,410,2,13748,"2.99","2020-03-20 10:28:20.996577+01"
20868,410,1,11107,"0.99","2020-03-02 07:48:04.996577+01"
20886,411,2,13656,"7.99","2020-03-20 07:29:33.996577+01"
20884,411,1,11997,"5.99","2020-03-17 18:03:04.996577+01"
20888,411,1,14772,"5.99","2020-03-21 23:19:05.996577+01"
20887,411,2,14480,"2.99","2020-03-21 13:05:06.996577+01"
20883,411,2,11294,"2.99","2020-03-02 14:36:53.996577+01"
20889,411,2,14996,"2.99","2020-03-22 07:21:07.996577+01"
20885,411,2,13634,"0.99","2020-03-20 06:45:11.996577+01"
20890,411,1,15936,"0.99","2020-03-23 18:11:37.996577+01"
20898,412,1,15781,"8.99","2020-03-23 13:09:31.996577+01"
20895,412,1,14535,"6.99","2020-03-21 14:51:03.996577+01"
20892,412,1,10467,"5.99","2020-03-01 09:14:24.996577+01"
20893,412,2,11027,"4.99","2020-03-02 05:15:36.996577+01"
20896,412,2,15354,"4.99","2020-03-22 20:47:25.996577+01"
20897,412,2,15732,"4.99","2020-03-23 11:03:38.996577+01"
20894,412,1,14068,"3.99","2020-03-20 22:19:25.996577+01"
20891,412,2,10381,"2.99","2020-03-01 06:05:03.996577+01"
20907,413,2,13887,"4.99","2020-03-20 15:07:26.996577+01"
20906,413,2,13824,"4.99","2020-03-20 13:11:38.996577+01"
20904,413,1,13010,"3.99","2020-03-19 07:20:47.996577+01"
20900,413,2,11304,"2.99","2020-03-02 15:08:36.996577+01"
20899,413,1,10909,"2.99","2020-03-02 01:22:25.996577+01"
20903,413,2,12552,"2.99","2020-03-18 14:15:00.996577+01"
20905,413,1,13318,"2.99","2020-03-19 19:02:23.996577+01"
20908,413,1,14773,"2.99","2020-03-21 23:19:23.996577+01"
20909,413,1,15678,"2.99","2020-03-23 08:52:11.996577+01"
20901,413,1,11468,"0.99","2020-03-02 21:15:52.996577+01"
20902,413,1,11532,"0.99","2020-03-17 00:02:40.996577+01"
20914,414,1,13308,"7.99","2020-03-19 18:28:08.996577+01"
20918,414,1,15140,"6.99","2020-03-22 13:07:46.996577+01"
20917,414,2,13657,"4.99","2020-03-20 07:30:05.996577+01"
20911,414,2,12930,"4.99","2020-03-19 04:39:58.996577+01"
20916,414,2,13494,"2.99","2020-03-20 01:05:00.996577+01"
20913,414,1,13242,"2.99","2020-03-19 15:57:13.996577+01"
20919,414,2,15481,"0.99","2020-03-23 01:27:40.996577+01"
20912,414,1,13042,"0.99","2020-03-19 08:34:34.996577+01"
20910,414,1,11706,"0.99","2020-03-17 06:52:12.996577+01"
20915,414,1,13404,"0.99","2020-03-19 21:47:08.996577+01"
20925,415,2,13729,"8.99","2020-03-20 09:45:34.996577+01"
20920,415,1,10263,"5.99","2020-03-01 02:31:14.996577+01"
20923,415,2,12128,"5.99","2020-03-17 22:59:35.996577+01"
20926,415,1,14992,"4.99","2020-03-22 07:20:13.996577+01"
20927,415,2,15121,"4.99","2020-03-22 12:15:03.996577+01"
20924,415,2,12588,"2.99","2020-03-18 15:33:11.996577+01"
20921,415,1,10553,"2.99","2020-03-01 12:22:32.996577+01"
20922,415,2,11310,"1.99","2020-03-02 15:20:24.996577+01"
20928,415,1,15959,"0.99","2020-03-23 18:55:30.996577+01"
20935,416,1,12722,"8.99","2020-03-18 21:02:19.996577+01"
20934,416,1,11557,"6.99","2020-03-17 00:47:46.996577+01"
20931,416,1,10742,"6.99","2020-03-01 19:21:39.996577+01"
20932,416,1,10937,"6.99","2020-03-02 02:28:44.996577+01"
20933,416,2,11047,"5.99","2020-03-02 05:37:46.996577+01"
20939,416,2,15470,"4.99","2020-03-23 01:03:38.996577+01"
20936,416,1,12932,"4.99","2020-03-19 04:45:56.996577+01"
20937,416,1,14239,"4.99","2020-03-21 04:47:23.996577+01"
20929,416,1,10254,"3.99","2020-03-01 02:10:29.996577+01"
20940,416,1,15727,"2.99","2020-03-23 10:57:15.996577+01"
20930,416,1,10354,"2.99","2020-03-01 05:15:36.996577+01"
20938,416,1,15235,"1.99","2020-03-22 17:11:38.996577+01"
20941,416,2,15761,"0.99","2020-03-23 12:24:17.996577+01"
20943,417,1,11217,"7.99","2020-03-02 11:54:57.996577+01"
20951,417,1,14304,"6.99","2020-03-21 06:51:36.996577+01"
20944,417,1,11291,"6.99","2020-03-02 14:26:24.996577+01"
20950,417,2,14121,"4.99","2020-03-21 00:54:59.996577+01"
20947,417,2,12281,"4.99","2020-03-18 04:18:58.996577+01"
20948,417,1,13545,"4.99","2020-03-20 03:18:41.996577+01"
20953,417,2,14882,"2.99","2020-03-22 03:20:47.996577+01"
20952,417,1,14607,"2.99","2020-03-21 17:25:16.996577+01"
20949,417,1,13927,"1.99","2020-03-20 16:40:24.996577+01"
20954,417,1,15795,"0.99","2020-03-23 13:36:22.996577+01"
20946,417,2,12074,"0.99","2020-03-17 21:19:23.996577+01"
20945,417,2,11303,"0.99","2020-03-02 15:07:44.996577+01"
20942,417,1,10478,"0.99","2020-03-01 09:37:32.996577+01"
20971,418,2,15957,"5.99","2020-03-23 18:49:48.996577+01"
20955,418,2,10537,"5.99","2020-03-01 11:50:54.996577+01"
20961,418,1,11650,"4.99","2020-03-17 04:28:29.996577+01"
20968,418,1,14836,"4.99","2020-03-22 01:20:52.996577+01"
20970,418,1,15466,"4.99","2020-03-23 00:45:21.996577+01"
20959,418,2,11322,"3.99","2020-03-02 15:51:43.996577+01"
20958,418,1,11270,"2.99","2020-03-02 13:46:33.996577+01"
20962,418,1,11769,"2.99","2020-03-17 09:33:15.996577+01"
20969,418,2,14860,"2.99","2020-03-22 02:15:33.996577+01"
20957,418,2,10915,"2.99","2020-03-02 01:33:30.996577+01"
20965,418,1,13537,"2.99","2020-03-20 03:07:41.996577+01"
20960,418,2,11409,"1.99","2020-03-02 18:55:17.996577+01"
20963,418,1,11910,"0.99","2020-03-17 15:13:03.996577+01"
20956,418,1,10709,"0.99","2020-03-01 18:12:23.996577+01"
20964,418,2,13312,"0.99","2020-03-19 18:37:40.996577+01"
20966,418,1,13970,"0.99","2020-03-20 18:12:00.996577+01"
20967,418,1,14484,"0.99","2020-03-21 13:15:55.996577+01"
20978,419,1,12460,"7.99","2020-03-18 10:53:39.996577+01"
20977,419,2,11689,"6.99","2020-03-17 06:10:34.996577+01"
20979,419,1,12720,"5.99","2020-03-18 20:57:08.996577+01"
20981,419,2,15779,"4.99","2020-03-23 13:02:12.996577+01"
20973,419,2,11025,"4.99","2020-03-02 05:07:38.996577+01"
20972,419,1,10372,"2.99","2020-03-01 05:52:14.996577+01"
20974,419,1,11313,"2.99","2020-03-02 15:31:17.996577+01"
20975,419,2,11323,"2.99","2020-03-02 15:58:23.996577+01"
20976,419,1,11425,"2.99","2020-03-02 19:27:14.996577+01"
20980,419,2,14308,"0.99","2020-03-21 07:11:47.996577+01"
20983,420,2,10601,"10.99","2020-03-01 13:54:06.996577+01"
20985,420,2,11236,"5.99","2020-03-02 12:45:47.996577+01"
20982,420,2,10291,"4.99","2020-03-01 03:08:23.996577+01"
20984,420,1,10766,"4.99","2020-03-01 20:04:55.996577+01"
20986,420,2,14525,"0.99","2020-03-21 14:35:15.996577+01"
20987,420,2,15597,"0.99","2020-03-23 05:49:46.996577+01"
20992,421,2,13461,"9.99","2020-03-20 00:17:30.996577+01"
20989,421,1,11263,"4.99","2020-03-02 13:30:45.996577+01"
20991,421,1,12279,"4.99","2020-03-18 04:15:56.996577+01"
20993,421,1,13872,"4.99","2020-03-20 14:38:56.996577+01"
20994,421,1,14742,"4.99","2020-03-21 22:07:27.996577+01"
20995,421,1,14887,"3.99","2020-03-22 03:32:57.996577+01"
20990,421,1,11523,"3.99","2020-03-16 23:38:36.996577+01"
20988,421,2,11089,"2.99","2020-03-02 07:20:46.996577+01"
20996,422,2,10833,"6.99","2020-03-01 22:54:21.996577+01"
20997,422,2,11325,"6.99","2020-03-02 16:01:37.996577+01"
20999,422,1,11842,"4.99","2020-03-17 12:42:03.996577+01"
20998,422,1,11658,"2.99","2020-03-17 04:47:43.996577+01"
